{"OutD0": {"OutD0": 0, "OutD1": 22.599999999999998, "0": 9.049999999999999, "1": 9.95, "2": 10.85, "3": 11.75, "4": 12.649999999999999, "5": 13.549999999999999, "6": 9.049999999999999, "7": 9.95, "8": 10.85, "9": 11.75, "10": 12.649999999999999, "11": 13.549999999999999, "12": 10.35, "13": 11.25, "14": 12.15, "15": 13.05, "16": 13.95, "17": 14.85, "18": 10.35, "19": 11.25, "20": 12.15, "21": 13.05, "22": 13.95, "23": 14.85}, "OutD1": {"OutD0": 22.599999999999998, "OutD1": 0, "0": 13.55, "1": 12.65, "2": 11.75, "3": 10.85, "4": 9.950000000000001, "5": 9.05, "6": 13.55, "7": 12.65, "8": 11.75, "9": 10.85, "10": 9.950000000000001, "11": 9.05, "12": 14.850000000000001, "13": 13.950000000000001, "14": 13.05, "15": 12.15, "16": 11.250000000000002, "17": 10.350000000000001, "18": 14.850000000000001, "19": 13.950000000000001, "20": 13.05, "21": 12.15, "22": 11.250000000000002, "23": 10.350000000000001}, "0": {"OutD0": 9.049999999999999, "OutD1": 13.55, "0": 0, "1": 0.9000000000000004, "2": 1.8000000000000007, "3": 2.700000000000001, "4": 3.5999999999999996, "5": 4.5, "6": 0, "7": 0.9000000000000004, "8": 1.8000000000000007, "9": 2.700000000000001, "10": 3.5999999999999996, "11": 4.5, "12": 12.5, "13": 13.4, "14": 14.3, "15": 15.200000000000001, "16": 16.1, "17": 17.0, "18": 12.5, "19": 13.4, "20": 14.3, "21": 15.200000000000001, "22": 16.1, "23": 17.0}, "1": {"OutD0": 9.95, "OutD1": 12.65, "0": 0.9000000000000004, "1": 0, "2": 0.9000000000000004, "3": 1.8000000000000007, "4": 2.6999999999999993, "5": 3.5999999999999996, "6": 0.9000000000000004, "7": 0, "8": 0.9000000000000004, "9": 1.8000000000000007, "10": 2.6999999999999993, "11": 3.5999999999999996, "12": 13.399999999999999, "13": 14.299999999999999, "14": 15.2, "15": 16.1, "16": 17.0, "17": 16.1, "18": 13.399999999999999, "19": 14.299999999999999, "20": 15.2, "21": 16.1, "22": 17.0, "23": 16.1}, "2": {"OutD0": 10.85, "OutD1": 11.75, "0": 1.8000000000000007, "1": 0.9000000000000004, "2": 0, "3": 0.9000000000000004, "4": 1.799999999999999, "5": 2.6999999999999993, "6": 1.8000000000000007, "7": 0.9000000000000004, "8": 0, "9": 0.9000000000000004, "10": 1.799999999999999, "11": 2.6999999999999993, "12": 14.299999999999999, "13": 15.2, "14": 16.1, "15": 17.0, "16": 16.1, "17": 15.200000000000003, "18": 14.299999999999999, "19": 15.2, "20": 16.1, "21": 17.0, "22": 16.1, "23": 15.200000000000003}, "3": {"OutD0": 11.75, "OutD1": 10.85, "0": 2.700000000000001, "1": 1.8000000000000007, "2": 0.9000000000000004, "3": 0, "4": 0.8999999999999986, "5": 1.799999999999999, "6": 2.700000000000001, "7": 1.8000000000000007, "8": 0.9000000000000004, "9": 0, "10": 0.8999999999999986, "11": 1.799999999999999, "12": 15.200000000000001, "13": 16.1, "14": 17.0, "15": 16.1, "16": 15.200000000000001, "17": 14.3, "18": 15.200000000000001, "19": 16.1, "20": 17.0, "21": 16.1, "22": 15.200000000000001, "23": 14.3}, "4": {"OutD0": 12.649999999999999, "OutD1": 9.950000000000001, "0": 3.5999999999999996, "1": 2.6999999999999993, "2": 1.799999999999999, "3": 0.8999999999999986, "4": 0, "5": 0.9000000000000004, "6": 3.5999999999999996, "7": 2.6999999999999993, "8": 1.799999999999999, "9": 0.8999999999999986, "10": 0, "11": 0.9000000000000004, "12": 16.1, "13": 17.0, "14": 16.1, "15": 15.200000000000003, "16": 14.300000000000004, "17": 13.400000000000004, "18": 16.1, "19": 17.0, "20": 16.1, "21": 15.200000000000003, "22": 14.300000000000004, "23": 13.400000000000004}, "5": {"OutD0": 13.549999999999999, "OutD1": 9.05, "0": 4.5, "1": 3.5999999999999996, "2": 2.6999999999999993, "3": 1.799999999999999, "4": 0.9000000000000004, "5": 0, "6": 4.5, "7": 3.5999999999999996, "8": 2.6999999999999993, "9": 1.799999999999999, "10": 0.9000000000000004, "11": 0, "12": 17.0, "13": 16.1, "14": 15.200000000000001, "15": 14.3, "16": 13.400000000000002, "17": 12.500000000000002, "18": 17.0, "19": 16.1, "20": 15.200000000000001, "21": 14.3, "22": 13.400000000000002, "23": 12.500000000000002}, "6": {"OutD0": 9.049999999999999, "OutD1": 13.55, "0": 0, "1": 0.9000000000000004, "2": 1.8000000000000007, "3": 2.700000000000001, "4": 3.5999999999999996, "5": 4.5, "6": 0, "7": 0.9000000000000004, "8": 1.8000000000000007, "9": 2.700000000000001, "10": 3.5999999999999996, "11": 4.5, "12": 12.5, "13": 13.4, "14": 14.3, "15": 15.200000000000001, "16": 16.1, "17": 17.0, "18": 12.5, "19": 13.4, "20": 14.3, "21": 15.200000000000001, "22": 16.1, "23": 17.0}, "7": {"OutD0": 9.95, "OutD1": 12.65, "0": 0.9000000000000004, "1": 0, "2": 0.9000000000000004, "3": 1.8000000000000007, "4": 2.6999999999999993, "5": 3.5999999999999996, "6": 0.9000000000000004, "7": 0, "8": 0.9000000000000004, "9": 1.8000000000000007, "10": 2.6999999999999993, "11": 3.5999999999999996, "12": 13.399999999999999, "13": 14.299999999999999, "14": 15.2, "15": 16.1, "16": 17.0, "17": 16.1, "18": 13.399999999999999, "19": 14.299999999999999, "20": 15.2, "21": 16.1, "22": 17.0, "23": 16.1}, "8": {"OutD0": 10.85, "OutD1": 11.75, "0": 1.8000000000000007, "1": 0.9000000000000004, "2": 0, "3": 0.9000000000000004, "4": 1.799999999999999, "5": 2.6999999999999993, "6": 1.8000000000000007, "7": 0.9000000000000004, "8": 0, "9": 0.9000000000000004, "10": 1.799999999999999, "11": 2.6999999999999993, "12": 14.299999999999999, "13": 15.2, "14": 16.1, "15": 17.0, "16": 16.1, "17": 15.200000000000003, "18": 14.299999999999999, "19": 15.2, "20": 16.1, "21": 17.0, "22": 16.1, "23": 15.200000000000003}, "9": {"OutD0": 11.75, "OutD1": 10.85, "0": 2.700000000000001, "1": 1.8000000000000007, "2": 0.9000000000000004, "3": 0, "4": 0.8999999999999986, "5": 1.799999999999999, "6": 2.700000000000001, "7": 1.8000000000000007, "8": 0.9000000000000004, "9": 0, "10": 0.8999999999999986, "11": 1.799999999999999, "12": 15.200000000000001, "13": 16.1, "14": 17.0, "15": 16.1, "16": 15.200000000000001, "17": 14.3, "18": 15.200000000000001, "19": 16.1, "20": 17.0, "21": 16.1, "22": 15.200000000000001, "23": 14.3}, "10": {"OutD0": 12.649999999999999, "OutD1": 9.950000000000001, "0": 3.5999999999999996, "1": 2.6999999999999993, "2": 1.799999999999999, "3": 0.8999999999999986, "4": 0, "5": 0.9000000000000004, "6": 3.5999999999999996, "7": 2.6999999999999993, "8": 1.799999999999999, "9": 0.8999999999999986, "10": 0, "11": 0.9000000000000004, "12": 16.1, "13": 17.0, "14": 16.1, "15": 15.200000000000003, "16": 14.300000000000004, "17": 13.400000000000004, "18": 16.1, "19": 17.0, "20": 16.1, "21": 15.200000000000003, "22": 14.300000000000004, "23": 13.400000000000004}, "11": {"OutD0": 13.549999999999999, "OutD1": 9.05, "0": 4.5, "1": 3.5999999999999996, "2": 2.6999999999999993, "3": 1.799999999999999, "4": 0.9000000000000004, "5": 0, "6": 4.5, "7": 3.5999999999999996, "8": 2.6999999999999993, "9": 1.799999999999999, "10": 0.9000000000000004, "11": 0, "12": 17.0, "13": 16.1, "14": 15.200000000000001, "15": 14.3, "16": 13.400000000000002, "17": 12.500000000000002, "18": 17.0, "19": 16.1, "20": 15.200000000000001, "21": 14.3, "22": 13.400000000000002, "23": 12.500000000000002}, "12": {"OutD0": 10.349999999999998, "OutD1": 14.850000000000001, "0": 12.5, "1": 13.4, "2": 14.3, "3": 15.200000000000001, "4": 16.1, "5": 17.0, "6": 12.5, "7": 13.4, "8": 14.3, "9": 15.200000000000001, "10": 16.1, "11": 17.0, "12": 0, "13": 0.9000000000000004, "14": 1.8000000000000007, "15": 2.700000000000001, "16": 3.5999999999999996, "17": 4.5, "18": 0, "19": 0.9000000000000004, "20": 1.8000000000000007, "21": 2.700000000000001, "22": 3.5999999999999996, "23": 4.5}, "13": {"OutD0": 11.25, "OutD1": 13.95, "0": 13.399999999999999, "1": 14.299999999999999, "2": 15.2, "3": 16.1, "4": 17.0, "5": 16.1, "6": 13.399999999999999, "7": 14.299999999999999, "8": 15.2, "9": 16.1, "10": 17.0, "11": 16.1, "12": 0.9000000000000004, "13": 0, "14": 0.9000000000000004, "15": 1.8000000000000007, "16": 2.6999999999999993, "17": 3.5999999999999996, "18": 0.9000000000000004, "19": 0, "20": 0.9000000000000004, "21": 1.8000000000000007, "22": 2.6999999999999993, "23": 3.5999999999999996},