{"OutD0": {"OutD0": 0, "0": 9.05, "1": 9.95, "2": 10.85, "3": 11.75, "4": 12.65, "5": 13.55, "6": 9.05, "7": 9.95, "8": 10.85, "9": 11.75, "10": 12.65, "11": 13.55, "12": 10.35, "13": 11.25, "14": 12.15, "15": 13.05, "16": 13.950000000000001, "17": 14.850000000000001, "18": 10.35, "19": 11.25, "20": 12.15, "21": 13.05, "22": 13.950000000000001, "23": 14.850000000000001}, "0": {"OutD0": 9.05, "0": 0, "1": 0.8999999999999995, "2": 1.7999999999999998, "3": 2.7, "4": 3.6000000000000005, "5": 4.500000000000001, "6": 0, "7": 0.8999999999999995, "8": 1.7999999999999998, "9": 2.7, "10": 3.6000000000000005, "11": 4.500000000000001, "12": 12.500000000000002, "13": 13.400000000000002, "14": 14.300000000000002, "15": 15.200000000000003, "16": 16.1, "17": 17.0, "18": 12.500000000000002, "19": 13.400000000000002, "20": 14.300000000000002, "21": 15.200000000000003, "22": 16.1, "23": 17.0}, "1": {"OutD0": 9.95, "0": 0.8999999999999995, "1": 0, "2": 0.9000000000000004, "3": 1.8000000000000007, "4": 2.700000000000001, "5": 3.6000000000000014, "6": 0.8999999999999995, "7": 0, "8": 0.9000000000000004, "9": 1.8000000000000007, "10": 2.700000000000001, "11": 3.6000000000000014, "12": 13.4, "13": 14.3, "14": 15.200000000000001, "15": 16.1, "16": 17.0, "17": 16.1, "18": 13.4, "19": 14.3, "20": 15.200000000000001, "21": 16.1, "22": 17.0, "23": 16.1}, "2": {"OutD0": 10.85, "0": 1.7999999999999998, "1": 0.9000000000000004, "2": 0, "3": 0.9000000000000004, "4": 1.8000000000000007, "5": 2.700000000000001, "6": 1.7999999999999998, "7": 0.9000000000000004, "8": 0, "9": 0.9000000000000004, "10": 1.8000000000000007, "11": 2.700000000000001, "12": 14.299999999999999, "13": 15.2, "14": 16.1, "15": 17.0, "16": 16.1, "17": 15.200000000000001, "18": 14.299999999999999, "19": 15.2, "20": 16.1, "21": 17.0, "22": 16.1, "23": 15.200000000000001}, "3": {"OutD0": 11.75, "0": 2.7, "1": 1.8000000000000007, "2": 0.9000000000000004, "3": 0, "4": 0.9000000000000004, "5": 1.8000000000000007, "6": 2.7, "7": 1.8000000000000007, "8": 0.9000000000000004, "9": 0, "10": 0.9000000000000004, "11": 1.8000000000000007, "12": 15.200000000000001, "13": 16.1, "14": 17.0, "15": 16.1, "16": 15.200000000000003, "17": 14.300000000000002, "18": 15.200000000000001, "19": 16.1, "20": 17.0, "21": 16.1, "22": 15.200000000000003, "23": 14.300000000000002}, "4": {"OutD0": 12.65, "0": 3.6000000000000005, "1": 2.700000000000001, "2": 1.8000000000000007, "3": 0.9000000000000004, "4": 0, "5": 0.9000000000000004, "6": 3.6000000000000005, "7": 2.700000000000001, "8": 1.8000000000000007, "9": 0.9000000000000004, "10": 0, "11": 0.9000000000000004, "12": 16.099999999999998, "13": 16.999999999999996, "14": 16.1, "15": 15.200000000000001, "16": 14.3, "17": 13.4, "18": 16.099999999999998, "19": 16.999999999999996, "20": 16.1, "21": 15.200000000000001, "22": 14.3, "23": 13.4}, "5": {"OutD0": 13.55, "0": 4.500000000000001, "1": 3.6000000000000014, "2": 2.700000000000001, "3": 1.8000000000000007, "4": 0.9000000000000004, "5": 0, "6": 4.500000000000001, "7": 3.6000000000000014, "8": 2.700000000000001, "9": 1.8000000000000007, "10": 0.9000000000000004, "11": 0, "12": 17.0, "13": 16.1, "14": 15.200000000000003, "15": 14.300000000000002, "16": 13.400000000000002, "17": 12.500000000000002, "18": 17.0, "19": 16.1, "20": 15.200000000000003, "21": 14.300000000000002, "22": 13.400000000000002, "23": 12.500000000000002}, "6": {"OutD0": 9.05, "0": 0, "1": 0.8999999999999995, "2": 1.7999999999999998, "3": 2.7, "4": 3.6000000000000005, "5": 4.500000000000001, "6": 0, "7": 0.8999999999999995, "8": 1.7999999999999998, "9": 2.7, "10": 3.6000000000000005, "11": 4.500000000000001, "12": 12.500000000000002, "13": 13.400000000000002, "14": 14.300000000000002, "15": 15.200000000000003, "16": 16.1, "17": 17.0, "18": 12.500000000000002, "19": 13.400000000000002, "20": 14.300000000000002, "21": 15.200000000000003, "22": 16.1, "23": 17.0}, "7": {"OutD0": 9.95, "0": 0.8999999999999995, "1": 0, "2": 0.9000000000000004, "3": 1.8000000000000007, "4": 2.700000000000001, "5": 3.6000000000000014, "6": 0.8999999999999995, "7": 0, "8": 0.9000000000000004, "9": 1.8000000000000007, "10": 2.700000000000001, "11": 3.6000000000000014, "12": 13.4, "13": 14.3, "14": 15.200000000000001, "15": 16.1, "16": 17.0, "17": 16.1, "18": 13.4, "19": 14.3, "20": 15.200000000000001, "21": 16.1, "22": 17.0, "23": 16.1}, "8": {"OutD0": 10.85, "0": 1.7999999999999998, "1": 0.9000000000000004, "2": 0, "3": 0.9000000000000004, "4": 1.8000000000000007, "5": 2.700000000000001, "6": 1.7999999999999998, "7": 0.9000000000000004, "8": 0, "9": 0.9000000000000004, "10": 1.8000000000000007, "11": 2.700000000000001, "12": 14.299999999999999, "13": 15.2, "14": 16.1, "15": 17.0, "16": 16.1, "17": 15.200000000000001, "18": 14.299999999999999, "19": 15.2, "20": 16.1, "21": 17.0, "22": 16.1, "23": 15.200000000000001}, "9": {"OutD0": 11.75, "0": 2.7, "1": 1.8000000000000007, "2": 0.9000000000000004, "3": 0, "4": 0.9000000000000004, "5": 1.8000000000000007, "6": 2.7, "7": 1.8000000000000007, "8": 0.9000000000000004, "9": 0, "10": 0.9000000000000004, "11": 1.8000000000000007, "12": 15.200000000000001, "13": 16.1, "14": 17.0, "15": 16.1, "16": 15.200000000000003, "17": 14.300000000000002, "18": 15.200000000000001, "19": 16.1, "20": 17.0, "21": 16.1, "22": 15.200000000000003, "23": 14.300000000000002}, "10": {"OutD0": 12.65, "0": 3.6000000000000005, "1": 2.700000000000001, "2": 1.8000000000000007, "3": 0.9000000000000004, "4": 0, "5": 0.9000000000000004, "6": 3.6000000000000005, "7": 2.700000000000001, "8": 1.8000000000000007, "9": 0.9000000000000004, "10": 0, "11": 0.9000000000000004, "12": 16.099999999999998, "13": 16.999999999999996, "14": 16.1, "15": 15.200000000000001, "16": 14.3, "17": 13.4, "18": 16.099999999999998, "19": 16.999999999999996, "20": 16.1, "21": 15.200000000000001, "22": 14.3, "23": 13.4}, "11": {"OutD0": 13.55, "0": 4.500000000000001, "1": 3.6000000000000014, "2": 2.700000000000001, "3": 1.8000000000000007, "4": 0.9000000000000004, "5": 0, "6": 4.500000000000001, "7": 3.6000000000000014, "8": 2.700000000000001, "9": 1.8000000000000007, "10": 0.9000000000000004, "11": 0, "12": 17.0, "13": 16.1, "14": 15.200000000000003, "15": 14.300000000000002, "16": 13.400000000000002, "17": 12.500000000000002, "18": 17.0, "19": 16.1, "20": 15.200000000000003, "21": 14.300000000000002, "22": 13.400000000000002, "23": 12.500000000000002}, "12": {"OutD0": 10.349999999999998, "0": 12.500000000000002, "1": 13.400000000000002, "2": 14.300000000000002, "3": 15.200000000000003, "4": 16.1, "5": 17.0, "6": 12.500000000000002, "7": 13.400000000000002, "8": 14.300000000000002, "9": 15.200000000000003, "10": 16.1, "11": 17.0, "12": 0, "13": 0.8999999999999995, "14": 1.7999999999999998, "15": 2.7, "16": 3.6000000000000005, "17": 4.500000000000001, "18": 0, "19": 0.8999999999999995, "20": 1.7999999999999998, "21": 2.7, "22": 3.6000000000000005, "23": 4.500000000000001}, "13": {"OutD0": 11.249999999999996, "0": 13.4, "1": 14.3, "2": 15.200000000000001, "3": 16.1, "4": 17.0, "5": 16.1, "6": 13.4, "7": 14.3, "8": 15.200000000000001, "9": 16.1, "10": 17.0, "11": 16.1, "12": 0.8999999999999995, "13": 0, "14": 0.9000000000000004, "15": 1.8000000000000007, "16": 2.700000000000001, "17": 3.6000000000000014, "18": 0.8999999999999995, "19": 0, "20": 0.9000000000000004, "21": 1.8000000000000007, "22": 2.700000000000001, "23": 3.6000000000000014}, "14": {"OutD0": 12.149999999999999, "0": 14.3, "1": 15.2, "2": 16.1, "3": 17.0, "4": 16.1, "5": 15.200000000000003, "6": 14.3, "7": 15.2, "8": 16.1, "9": 17.0, "10": 16.1, "11": 15.200000000000003, "12": 1.7999999999999998, "13": 0.9000000000000004, "14": 0, "15": 0.9000000000000004, "16": 1.8000000000000007, "17": 2.700000000000001, "18": 1.7999999999999998, "19": 0.9000000000000004, "20": 0, "21": 0.9000000000000004, "22": 1.8000000000000007, "23": 2.700000000000001}, "15": {"OutD0": 13.049999999999997, "0": 15.2, "1": 16.099999999999998, "2": 17.0, "3": 16.1, "4": 15.200000000000001,